
Redirect 301 /first-entry/ /2012/10/first-entry/
Redirect 301 /twitter-facebook-stop/ /2012/12/twitter-facebook-stop/
Redirect 301 /majestouch-ninja-bought/ /2012/12/majestouch-ninja-bought/
Redirect 301 /presentation-is-art/ /2012/12/presentation-is-art/
Redirect 301 /the-secret/ /2013/01/the-secret/
Redirect 301 /jenga/ /2013/01/jenga/
Redirect 301 /become-adult/ /2013/01/become-adult/
Redirect 301 /mixi-scrap-challenge-for-security/ /2013/01/mixi-scrap-challenge-for-security/
Redirect 301 /umehara/ /2013/02/umehara/
Redirect 301 /ending-diary/ /2013/02/ending-diary/
Redirect 301 /throw-things-away/ /2013/03/throw-things-away/
Redirect 301 /rhit-day1-day5/ /2013/03/rhit-day1-day5/
Redirect 301 /rhit-day6-day10/ /2013/03/rhit-day6-day10/
Redirect 301 /rhit-day11-day15/ /2013/03/rhit-day11-day15/
Redirect 301 /rhit-day16-day20/ /2013/03/rhit-day16-day20/
Redirect 301 /study-abroad-for-3-weeks/ /2013/04/study-abroad-for-3-weeks/
Redirect 301 /books-2013-feb-jun/ /2013/06/books-2013-feb-jun/
Redirect 301 /gyakukyujin/ /2013/07/gyakukyujin/
Redirect 301 /what-is-important-for-team/ /2013/07/what-is-important-for-team/
Redirect 301 /jigsaw-puzzle-day1/ /2013/07/jigsaw-puzzle-day1/
Redirect 301 /how-to-read-a-book/ /2013/07/how-to-read-a-book/
Redirect 301 /jigsaw-puzzle-day2/ /2013/07/jigsaw-puzzle-day2/
Redirect 301 /sakura-vps-ssh-permission/ /2013/07/sakura-vps-ssh-permission/
Redirect 301 /jigsaw-puzzle-day3-5/ /2013/07/jigsaw-puzzle-day3-5/
Redirect 301 /hello-chrome-extension/ /2013/07/hello-chrome-extension/
Redirect 301 /twitter-bot/ /2013/07/twitter-bot/
Redirect 301 /hatena-keyword-to-ipadic/ /2013/07/hatena-keyword-to-ipadic/
Redirect 301 /hello-angularjs/ /2013/08/hello-angularjs/
Redirect 301 /canvas-rotate-round/ /2013/08/canvas-rotate-round/
Redirect 301 /meltokei/ /2013/08/meltokei/
Redirect 301 /go-to-bookstore/ /2013/08/go-to-bookstore/
Redirect 301 /standing-on-the-shoulders-of-giants/ /2013/08/standing-on-the-shoulders-of-giants/
Redirect 301 /midnight-express/ /2013/09/midnight-express/
Redirect 301 /from-cloud-to-ai/ /2013/10/from-cloud-to-ai/
Redirect 301 /maybe-no-game-no-life/ /2013/10/maybe-no-game-no-life/
Redirect 301 /time-capsule/ /2013/10/time-capsule/
Redirect 301 /6brains-of-the-world/ /2013/10/6brains-of-the-world/
Redirect 301 /crx-dev-using-angularjs/ /2013/11/crx-dev-using-angularjs/
Redirect 301 /hobonichi-2014/ /2013/11/hobonichi-2014/
Redirect 301 /poisson-image-blending/ /2013/12/poisson-image-blending/
Redirect 301 /hurry-up-post/ /2013/12/hurry-up-post/
Redirect 301 /stinger-advent-calendar-2013/ /2013/12/stinger-advent-calendar-2013/
Redirect 301 /shinchoku-2013/ /2013/12/shinchoku-2013/
Redirect 301 /twitter-bot-tweet-length/ /2013/12/twitter-bot-tweet-length/
Redirect 301 /tf-idf/ /2014/01/tf-idf/
Redirect 301 /21st-birthday/ /2014/02/21st-birthday/
Redirect 301 /todays-art-taro/ /2014/02/todays-art-taro/
Redirect 301 /ponshukan/ /2014/03/ponshukan/
Redirect 301 /hello-jekyll/ /2014/03/hello-jekyll/
Redirect 301 /only-is-not-lonely/ /2014/05/only-is-not-lonely/
Redirect 301 /toefl/ /2014/05/toefl/
Redirect 301 /lovestory/ /2014/07/lovestory/
Redirect 301 /20140713/ /2014/07/20140713/
Redirect 301 /toefl/ /2014/07/toefl/
